,precision,recall,f1-score,support
0,0.9272134709397066,0.5306185887472801,0.67497034400949,3217.0
1,0.3006021306160259,0.8288633461047255,0.44119646498980286,783.0
accuracy,0.589,0.589,0.589,0.589
macro avg,0.6139078007778662,0.6797409674260028,0.5580834044996464,4000.0
weighted avg,0.8045543010713461,0.589,0.6292091071913862,4000.0
