plec,wynagrodzenie_brutto,rok_rozpoczecia,rok_zakonczenia,suma_wplaconych_skladek,emerytura_nominalna
k,8561,2027,2059,16870,5706.34
m,20285,2035,2063,11365,7196.22939935644
m,5556,2029,2059,25726,5706.34
k,6696,2027,2059,17943,5706.34
k,7332,2032,2059,7906,5706.34
m,5074,2028,2060,27822,5884.61
m,6106,2028,2050,30778,4318.21
m,21019,2027,2057,24366,8824.325160513896
m,16626,2025,2059,27413,8585.37572925883
k,12072,2027,2055,57533,5043.61
